No,번호,명       칭,구별,읍면동,위        치,주소,경도,위도,상태
1,1,성환조양,서북구,성환읍,성환리 356-19,충남 천안시 서북구 성환읍 성환리 356-19,127.130377538089,36.9164212799547,정좌표
2,2,이화,서북구,쌍용동,379-33,충남 천안시 서북구 쌍용동 379-33,127.133005295471,36.7970509953891,정좌표
3,3,경동,서북구,쌍용동,380-4,충남 천안시 서북구 쌍용동 380-4,127.13249730551,36.7966720765963,정좌표
4,4,대우목화,서북구,성정동,643,충남 천안시 서북구 성정동 643,127.141770753087,36.8231198791008,정좌표
5,5,주공5단지,서북구,성정동,717,충남 천안시 서북구 성정동 717,127.138599306911,36.8149621785771,정좌표
6,6,주공6단지1차,서북구,성정동,785,충남 천안시 서북구 성정동 785,127.134018635466,36.8254457220072,정좌표
7,7,미성,서북구,성환읍,매주리 314-1,충남 천안시 서북구 성환읍 매주리 314-1,127.132897626659,36.9122947881965,정좌표
8,8,현대,서북구,성정동,413-13,충남 천안시 서북구 성정동 413-13,127.13591167479,36.8238563359261,정좌표
9,9,주공6단지2차,서북구,성정동,787,충남 천안시 서북구 성정동 787,127.133727486125,36.8239881475399,정좌표
10,10,주공6단지3차,서북구,성정동,789,충남 천안시 서북구 성정동 789,127.134345680332,36.8228972624373,정좌표
11,11,대우목화4차,서북구,쌍용동,"554, 봉명동 219","충남 천안시 서북구 쌍용동 554, 봉명동 219",127.132772645623,36.7976576259544,인근좌표
12,12,일진,서북구,직산읍,삼은리 72-4 ,충남 천안시 서북구 직산읍 삼은리 72-4 ,127.152228564608,36.8796911229756,정좌표
13,13,성산연립주택,서북구,성환읍,성월리 65-35,충남 천안시 서북구 성환읍 성월리 65-35,127.141901523341,36.9113928255656,정좌표
14,14,근로자복지,서북구,쌍용동,558-6,충남 천안시 서북구 쌍용동 558-6,127.133343841403,36.800608327329,정좌표
15,15,대우성정프라자,서북구,성정동,658-1,충남 천안시 서북구 성정동 658-1,127.141930877343,36.8220099112243,정좌표
16,16,극동,서북구,쌍용동,380-3 외 1,충남 천안시 서북구 쌍용동 380-3 외 1,127.131812686528,36.796196908742,정좌표
17,17,현대,서북구,쌍용동,389-3 외1필지,충남 천안시 서북구 쌍용동 389-3 외1필지,127.131824534391,36.7953185469698,정좌표
18,18,정석,서북구,직산읍,삼은리 69-14,충남 천안시 서북구 직산읍 삼은리 69-14,127.155932265349,36.8798520626105,정좌표
19,19,송죽,서북구,성거읍,송남리 14,충남 천안시 서북구 성거읍 송남리 14,127.200240754436,36.8724349771416,정좌표
20,20,성환골드맨션,서북구,성환읍,매주리 320-1,충남 천안시 서북구 성환읍 매주리 320-1,127.128525963425,36.9132770141641,정좌표
21,21,대명,서북구,성환읍,매주리 370-21,충남 천안시 서북구 성환읍 매주리 370-21,127.121093201329,36.9046773550342,정좌표
22,22,선경,서북구,성거읍,천흥리 460-2,충남 천안시 서북구 성거읍 천흥리 460-2,127.206075828671,36.8725096067565,정좌표
23,23,중앙,서북구,성환읍,매주리 311-9,충남 천안시 서북구 성환읍 매주리 311-9,127.13109572714,36.9112232415403,정좌표
24,24,연합,서북구,입장면,신덕리 200-21,충남 천안시 서북구 입장면 신덕리 200-21,127.209583013233,36.9122578358815,정좌표
25,25,청호4차,서북구,직산읍,부송리 60-3,충남 천안시 서북구 직산읍 부송리 60-3,127.139183291732,36.8760487992549,정좌표
26,26,성정한도,서북구,성정동,122-2,충남 천안시 서북구 성정동 122-2,127.146498236856,36.8141885718932,정좌표
27,27,시영1차근로복지,서북구,쌍용동,861,충남 천안시 서북구 쌍용동 861,127.129062101282,36.8084279686057,정좌표
28,28,일성1차,서북구,쌍용동,848,충남 천안시 서북구 쌍용동 848,127.130600970449,36.8088974801871,정좌표
29,29,현대,서북구,백석동,191-3,충남 천안시 서북구 백석동 191-3,127.125712727541,36.8215812435695,정좌표
30,30,직산한도,서북구,직산읍,삼은리 70,충남 천안시 서북구 직산읍 삼은리 70,127.154485655846,36.8797322376225,정좌표
31,31,혜성,서북구,성환읍,매주리 425-11,충남 천안시 서북구 성환읍 매주리 425-11,127.129534183231,36.9095767399135,정좌표
32,32,영흥,서북구,성환읍,송덕리 55-12,충남 천안시 서북구 성환읍 송덕리 55-12,127.1181490974,36.9233753878204,정좌표
33,33,대우성촌프라자,서북구,성정동,698-1,충남 천안시 서북구 성정동 698-1,127.13846214795,36.8176934109948,정좌표
34,34,청호5차,서북구,직산읍,군서리 428-3,충남 천안시 서북구 직산읍 군서리 428-3,127.143565053144,36.895181516116,정좌표
35,35,활림1차,서북구,성정동,141-3,충남 천안시 서북구 성정동 141-3,127.143435172594,36.8166211670822,정좌표
36,36,광명장미,서북구,쌍용동,1233,충남 천안시 서북구 쌍용동 1233,127.128184571363,36.801599927828,정좌표
37,37,진성,서북구,성거읍,천흥리 533-5,충남 천안시 서북구 성거읍 천흥리 533-5,127.2055055423,36.8778165605309,정좌표
38,38,성환삼풍,서북구,성환읍,매주리 312,충남 천안시 서북구 성환읍 매주리 312,127.131340186482,36.9120890861113,정좌표
39,39,조승,서북구,신당동,377-10,충남 천안시 서북구 신당동 377-10,127.15789901494,36.8525399982618,정좌표
40,40,주공7단지1차,서북구,쌍용3동,1284,충남 천안시 서북구 쌍용3동 1284,127.126074929963,36.8025100980409,정좌표
41,41,선경,서북구,성정동,823,충남 천안시 서북구 성정동 823,127.133585764024,36.822065967243,정좌표
42,42,세경개나리,서북구,쌍용2동,566,충남 천안시 서북구 쌍용2동 566,127.125246978179,36.7981371606286,정좌표
43,43,직산근로자(아),서북구,성환읍,수향리 214-9,충남 천안시 서북구 성환읍 수향리 214-9,127.151588678764,36.9438436487987,정좌표
44,44,대우타워,서북구,쌍용동,889,충남 천안시 서북구 쌍용동 889,127.131433494493,36.8063514269327,정좌표
45,45,일성,서북구,쌍용동,788,충남 천안시 서북구 쌍용동 788,127.131226580354,36.80984748636,정좌표
46,46,쌍용모란,서북구,쌍용2동,653,충남 천안시 서북구 쌍용2동 653,127.122284829524,36.7996968479692,정좌표
47,47,성정활림2차목련,서북구,성정동,696-4,충남 천안시 서북구 성정동 696-4,127.140509430303,36.8171611439369,정좌표
48,48,라이프타운,서북구,쌍용3동,1279,충남 천안시 서북구 쌍용3동 1279,127.122284099352,36.8030686805047,정좌표
49,49,시영2차근로복지,서북구,쌍용2동,567,충남 천안시 서북구 쌍용2동 567,127.124896176619,36.797330782766,정좌표
50,50,일성3차능수,서북구,쌍용2동,652,충남 천안시 서북구 쌍용2동 652,127.123598787311,36.7979516718292,정좌표
51,51,일성3차,서북구,쌍용2동,654,충남 천안시 서북구 쌍용2동 654,127.122012366874,36.798644246272,정좌표
52,52,현대,서북구,쌍용동,388-2,충남 천안시 서북구 쌍용동 388-2,127.130377939674,36.7959972806788,정좌표
53,53,제오빌더 사원 주택,서북구,업성동,329-1,충남 천안시 서북구 업성동 329-1,127.134804302613,36.8596449294884,정좌표
54,54,성거백승,서북구,성거읍,천흥리 425-1,충남 천안시 서북구 성거읍 천흥리 425-1,127.202527389727,36.873479645603,정좌표
55,55,우성8차,서북구,직산읍,모시리 206-13,충남 천안시 서북구 직산읍 모시리 206-13,127.127129549927,36.8697656959336,정좌표
56,56,청솔,서북구,직산읍,부송리 152-16,충남 천안시 서북구 직산읍 부송리 152-16,127.128871394397,36.877329856986,정좌표
57,57,주공7단지2차,서북구,쌍용2동,1282,충남 천안시 서북구 쌍용2동 1282,127.124733844225,36.8027150442704,정좌표
58,58,신성2차은하수,서북구,쌍용동,555-2,충남 천안시 서북구 쌍용동 555-2,127.132791889638,36.8011514414327,정좌표
59,59,한라동백,서북구,쌍용2동,565,충남 천안시 서북구 쌍용2동 565,127.124017786519,36.7992123508753,정좌표
60,60,주공7단지3차,서북구,쌍용3동,1289,충남 천안시 서북구 쌍용3동 1289,127.124945638719,36.8011045422586,정좌표
61,61,청호6차,서북구,직산읍,삼은리 64-7,충남 천안시 서북구 직산읍 삼은리 64-7,127.15890820386,36.8796848153791,정좌표
62,62,상록수현대4차,서북구,쌍용2동,1273,충남 천안시 서북구 쌍용2동 1273,127.121821327434,36.7958689034757,정좌표
63,63,청호7차,서북구,직산읍,군서리 428-5,충남 천안시 서북구 직산읍 군서리 428-5,127.143607642967,36.8962228014789,정좌표
64,64,입장연합초원,서북구,입장면,하장리 84,충남 천안시 서북구 입장면 하장리 84,127.220162544085,36.911861262449,정좌표
65,65,계룡푸른마을,서북구,쌍용2동,1361,충남 천안시 서북구 쌍용2동 1361,127.123611383743,36.7940059446649,정좌표
66,66,두정우성,서북구,두정동,1909,충남 천안시 서북구 두정동 1909,127.13237649584,36.836459575361,정좌표
67,67,일성다래,서북구,쌍용2동,657,충남 천안시 서북구 쌍용2동 657,127.12198891055,36.7976048824475,정좌표
68,68,주공8단지,서북구,두정동,527,충남 천안시 서북구 두정동 527,127.143099307477,36.8361965653173,정좌표
69,69,화승,서북구,성정동,659-1,충남 천안시 서북구 성정동 659-1,127.141802414694,36.8216120429847,정좌표
70,70,대우,서북구,두정동,525-1,충남 천안시 서북구 두정동 525-1,127.144585250858,36.8344851182014,정좌표
71,71,해누리선경,서북구,쌍용2동,1363-1,충남 천안시 서북구 쌍용2동 1363-1,127.124584406009,36.7925171473011,정좌표
72,72,극동늘푸른,서북구,두정동,526-1,충남 천안시 서북구 두정동 526-1,127.131986626767,36.8294746059069,정좌표
73,73,육영원룸,서북구,성거읍,요방리 160-22,충남 천안시 서북구 성거읍 요방리 160-22,127.181856898979,36.8517192520757,정좌표
74,74,청호포도마을,서북구,성거읍,저리 1-3,충남 천안시 서북구 성거읍 저리 1-3,127.204627733903,36.8869114482284,정좌표
75,75,현대한솔,서북구,성환읍,성월리 150,충남 천안시 서북구 성환읍 성월리 150,127.135930167346,36.9180984945095,정좌표
76,76,산호,서북구,직산읍,상덕리 107,충남 천안시 서북구 직산읍 상덕리 107,127.124308940488,36.8948637371964,정좌표
77,77,이화,서북구,성환읍,율금리 447-2,충남 천안시 서북구 성환읍 율금리 447-2,127.108935005002,36.9027637143788,정좌표
78,78,주공9단지,서북구,쌍용3동,1914,충남 천안시 서북구 쌍용3동 1914,127.121634730584,36.805999647794,정좌표
79,79,동보영구임대,서북구,직산읍,모시리 253-38,충남 천안시 서북구 직산읍 모시리 253-38,127.119242610549,36.869677030535,정좌표
80,80,직산부영,서북구,직산읍,수헐리 16-1,충남 천안시 서북구 직산읍 수헐리 16-1,127.139109758013,36.8940003985567,정좌표
81,81,삼일원앙,서북구,성거읍,저리 53-2,충남 천안시 서북구 성거읍 저리 53-2,127.200894033129,36.8747241632062,정좌표
82,82,성환부영1차,서북구,성환읍,매주리 183,충남 천안시 서북구 성환읍 매주리 183,127.134412856562,36.9028067764676,정좌표
83,83,대림,서북구,직산읍,모시리 242-5,충남 천안시 서북구 직산읍 모시리 242-5,127.120835751641,36.86121714802,정좌표
84,84,월봉벽산태영,서북구,쌍용2동,1538,충남 천안시 서북구 쌍용2동 1538,127.116345922114,36.7984120185965,정좌표
85,85,월봉대우,서북구,쌍용2동,1548,충남 천안시 서북구 쌍용2동 1548,127.115430830988,36.7955981606065,정좌표
86,86,월봉현대,서북구,쌍용2동,1552,충남 천안시 서북구 쌍용2동 1552,127.113950090676,36.7958537032424,정좌표
87,87,성거벽산,서북구,성거읍,신월리 3-3,충남 천안시 서북구 성거읍 신월리 3-3,127.158272672861,36.8787314637347,정좌표
88,88,두정대우2차,서북구,두정동,530,충남 천안시 서북구 두정동 530,127.143058360633,36.8347671688777,정좌표
89,89,대영한아름,서북구,성환읍,율금리 513,충남 천안시 서북구 성환읍 율금리 513,127.112673396213,36.9046320965321,정좌표
90,90,장미,서북구,성거읍,천흥리 429,충남 천안시 서북구 성거읍 천흥리 429,127.202100900728,36.8724135827368,정좌표
91,91,한아름,서북구,직산읍,양당리 3-65,충남 천안시 서북구 직산읍 양당리 3-65,127.124047473875,36.8883241978573,인근좌표
92,92,동해늘푸른,서북구,성거읍,요방리 268-1,충남 천안시 서북구 성거읍 요방리 268-1,127.17645982156,36.8509651511639,정좌표
93,93,월봉일성,서북구,쌍용2동,1547,충남 천안시 서북구 쌍용2동 1547,127.116820810516,36.796022408293,정좌표
94,94,거봉,서북구,입장면,신두리 393-17,충남 천안시 서북구 입장면 신두리 393-17,127.199962385554,36.9129056914627,정좌표
95,95,쌍용마을뜨란채(주공10단지),서북구,쌍용3동,1920,충남 천안시 서북구 쌍용3동 1920,127.119266709297,36.8053961184784,정좌표
96,96,용암마을,서북구,쌍용3동,1923,충남 천안시 서북구 쌍용3동 1923,127.11751279501,36.8023976869491,정좌표
97,97,한성,서북구,입장면,도림리 341-1,충남 천안시 서북구 입장면 도림리 341-1,127.245064686268,36.9152197601277,정좌표
98,98,청솔(월봉청솔2차),서북구,쌍용2동,1561,충남 천안시 서북구 쌍용2동 1561,127.116218824094,36.7937767686302,정좌표
99,99,금정샛별임대,서북구,성거읍,오목리 58,충남 천안시 서북구 성거읍 오목리 58,127.206947449141,36.8886665825589,정좌표
100,100,저리보금자리,서북구,성거읍,저리 252 ,충남 천안시 서북구 성거읍 저리 252 ,127.19723962461,36.8863369582816,정좌표
101,101,태양,서북구,성환읍,성월리 26-2,충남 천안시 서북구 성환읍 성월리 26-2,127.141341874462,36.9180867024616,정좌표
102,102,월봉청솔(1차),서북구,쌍용2동,1367,충남 천안시 서북구 쌍용2동 1367,127.116761664812,36.8001868977111,정좌표
103,103,두진그린힐,서북구,성환읍,율금리 773-3,충남 천안시 서북구 성환읍 율금리 773-3,127.101513043728,36.9056751161137,인근좌표
104,104,한성스위트빌,서북구,두정동,1000,충남 천안시 서북구 두정동 1000,127.134832459988,36.8363685559223,정좌표
105,105,주공그린빌1차,서북구,백석동,915,충남 천안시 서북구 백석동 915,127.119467427905,36.8220757940579,정좌표
106,106,주공(11단지),서북구,백석동,910,충남 천안시 서북구 백석동 910,127.118772902862,36.819893389695,정좌표
107,107,부경파크빌,서북구,두정동,606,충남 천안시 서북구 두정동 606,127.128321873576,36.827010372272,정좌표
108,108,주성레이크빌,서북구,입장면,기로리 86-1,충남 천안시 서북구 입장면 기로리 86-1,127.249999995578,36.909755436818,정좌표
109,109,우남두정마을(1차),서북구,두정동,1596,충남 천안시 서북구 두정동 1596,127.14682147961,36.8381839952438,정좌표
110,110,우남(2차),서북구,두정동,1607,충남 천안시 서북구 두정동 1607,127.146954241147,36.8372473567176,정좌표
111,111,두정3차푸르지오,서북구,두정동,1593,충남 천안시 서북구 두정동 1593,127.142891516845,36.8382262418188,정좌표
112,112,세광엔리치빌(2차),서북구,두정동,603,충남 천안시 서북구 두정동 603,127.12866550146,36.8296508986899,정좌표
113,113,세광엔리치빌(3차),서북구,두정동,605,충남 천안시 서북구 두정동 605,127.128355917593,36.8281638308919,정좌표
114,114,두정4차푸르지오,서북구,두정동,666,충남 천안시 서북구 두정동 666,127.130190286538,36.8296332209101,정좌표
115,115,호반리젠시빌,서북구,백석동,900,충남 천안시 서북구 백석동 900,127.120542590644,36.8194419810164,정좌표
116,116,호반리젠시빌,서북구,백석동,909,충남 천안시 서북구 백석동 909,127.118251023111,36.8177745300112,정좌표
117,117,한미래,서북구,성환읍,수향리 466-5,충남 천안시 서북구 성환읍 수향리 466-5,127.131676288433,36.955750609929,정좌표
118,118,하늘빛(문덕마을세아),서북구,성거읍,문덕리 231-6,충남 천안시 서북구 성거읍 문덕리 231-6,127.181032238571,36.8760650376292,정좌표
119,119,계룡리슈빌,서북구,두정동,1078,충남 천안시 서북구 두정동 1078,127.13704189084,36.8382972396565,정좌표
120,120,서해그랑블,서북구,두정동,665,충남 천안시 서북구 두정동 665,127.130125486275,36.8281245758218,정좌표
121,121,천안두정5차푸르지오,서북구,두정동,2010,충남 천안시 서북구 두정동 2010,127.128721059227,36.8346704435372,정좌표
122,122,아느칸빌,서북구,성거읍,저리 26-7,충남 천안시 서북구 성거읍 저리 26-7,127.205536746204,36.881374689855,정좌표
123,125,경남아너스빌,서북구,두정동,1080,충남 천안시 서북구 두정동 1080,127.13959596668,36.8382923365759,정좌표
124,126,한성필하우스,서북구,두정동,1886,충남 천안시 서북구 두정동 1886,127.133342659989,36.8376254310494,정좌표
125,127,불당한성필하우스,서북구,불당동,788,충남 천안시 서북구 불당동 788,127.113573806802,36.8026548610958,정좌표
126,128,두정이-편한세상,서북구,두정동,1221,충남 천안시 서북구 두정동 1221,127.140927201702,36.8348475727122,정좌표
127,129,그린빌2차,서북구,백석동,890,충남 천안시 서북구 백석동 890,127.12202835297,36.8220556643485,정좌표
128,130,불당마을동일하이빌,서북구,불당동,750(751),충남 천안시 서북구 불당동 750(751),127.113092162711,36.8081608987889,정좌표
129,131,불당아이파크,서북구,불당동,757,충남 천안시 서북구 불당동 757,127.109278117765,36.8085299090574,정좌표
130,132,대원칸타빌,서북구,불당동,787,충남 천안시 서북구 불당동 787,127.116060581216,36.8033208410844,정좌표
131,133,호반리젠시빌스위트,서북구,불당동,780,충남 천안시 서북구 불당동 780,127.116897422729,36.8060142732304,정좌표
132,134,한성3차필하우스,서북구,두정동,2035,충남 천안시 서북구 두정동 2035,127.147111216381,36.8342995750156,정좌표
133,135,대동다:숲,서북구,불당동,820,충남 천안시 서북구 불당동 820,127.111519594378,36.8057541918016,정좌표
134,136,신동아파밀리에,서북구,와촌동,173,충남 천안시 서북구 와촌동 173,127.144492574595,36.8074300546826,정좌표
135,137,성환부영2차,서북구,성환읍,매주리 244-13,충남 천안시 서북구 성환읍 매주리 244-13,127.134482725077,36.9042180918321,정좌표
136,138,범양마더빌1차,서북구,쌍용2동,2040,충남 천안시 서북구 쌍용2동 2040,127.127027947932,36.7936668978716,정좌표
137,139,스윗트리,서북구,성거읍,저리 319-31,충남 천안시 서북구 성거읍 저리 319-31,127.203557055587,36.8799827704974,정좌표
138,140,직산코아루,서북구,직산읍,삼은리 395,충남 천안시 서북구 직산읍 삼은리 395,127.152976958839,36.8781914597271,정좌표
139,141,대주파크빌1단지,서북구,두정동,1896,충남 천안시 서북구 두정동 1896,127.130116327493,36.8364937988335,정좌표
140,142,대주파크빌2단지,서북구,두정동,1898,충남 천안시 서북구 두정동 1898,127.13054864543,36.8363265464878,정좌표
141,143,직산세광엔리치빌1차(1단지),서북구,직산읍,삼은리 72-41,충남 천안시 서북구 직산읍 삼은리 72-41,127.152253822046,36.8791363725385,정좌표
142,144,직산1차(2단지)세광엔리치빌,서북구,직산읍,삼은리 74-3,충남 천안시 서북구 직산읍 삼은리 74-3,127.150250546447,36.8799678180657,정좌표
143,145,삼환나우빌,서북구,성거읍,신월리 2-26,충남 천안시 서북구 성거읍 신월리 2-26,127.157724064024,36.8771299705858,정좌표
144,146,신당코아루,서북구,신당동,284-1,충남 천안시 서북구 신당동 284-1,127.159363172694,36.8533830332198,정좌표
145,147,아포리예미원,서북구,성환읍,성월리 95-7,충남 천안시 서북구 성환읍 성월리 95-7,127.133839498497,36.9129633657995,정좌표
146,148,백석벽산블루밍1차,서북구,백석동,919,충남 천안시 서북구 백석동 919,127.114047329795,36.8249210682574,정좌표
147,149,백석벽산블루밍2차,서북구,백석동,924,충남 천안시 서북구 백석동 924,127.11436123143,36.8260591482251,정좌표
148,150,브라운스톤천안,서북구,백석동,930,충남 천안시 서북구 백석동 930,127.115679460933,36.8289965131787,정좌표
149,151,범양마더빌2차,서북구,쌍용2동,2047,충남 천안시 서북구 쌍용2동 2047,127.126543785581,36.7932764894523,정좌표
150,152,쌍용역푸르지오,서북구,쌍용2동,2050,충남 천안시 서북구 쌍용2동 2050,127.118697863264,36.7909712596907,정좌표
151,153,성환3차부영사랑으로,서북구,성환읍,매주리 244-5,충남 천안시 서북구 성환읍 매주리 244-5,127.13465064127,36.9052402714906,정좌표
152,154,쌍용GS자이,서북구,쌍용2동,2075,충남 천안시 서북구 쌍용2동 2075,127.116196749869,36.7872490292709,정좌표
153,155,쌍용동일하이빌,서북구,쌍용2동,2077,충남 천안시 서북구 쌍용2동 2077,127.114312021249,36.7860615858768,정좌표
154,156,성환두영부자마을,서북구,성환읍,성환리 111-13,충남 천안시 서북구 성환읍 성환리 111-13,127.131343105025,36.9310905869927,인근좌표
155,157,백석현대아이파크,서북구,백석동,941,충남 천안시 서북구 백석동 941,127.124870376952,36.8326235550859,정좌표
156,158,불당한화꿈에그린,서북구,불당동,1270,충남 천안시 서북구 불당동 1270,127.113593756499,36.8009736988987,정좌표
157,159,성환e편한세상,서북구,성환읍,매주리 182-10,충남 천안시 서북구 성환읍 매주리 182-10,127.132476111776,36.9017138616321,정좌표
158,160,두정역푸르지오,서북구,두정동,2037,충남 천안시 서북구 두정동 2037,127.150468462221,36.8338261738579,정좌표
159,161,백석푸르지오,서북구,백석동,979,충남 천안시 서북구 백석동 979,127.121676957663,36.8298449047399,정좌표
160,162,쌍용두산위브,서북구,쌍용동,1241,충남 천안시 서북구 쌍용동 1241,127.1281284184,36.7999019837363,정좌표
161,163,백석계룡리슈빌,서북구,백석동,1007,충남 천안시 서북구 백석동 1007,127.122345661078,36.832554178312,정좌표
162,164,희홍밸러뷰,서북구,직산읍,군동리 39,충남 천안시 서북구 직산읍 군동리 39,127.166855005534,36.8958179798292,정좌표
163,165,두정역이안더센트럴,서북구,두정동,2045,충남 천안시 서북구 두정동 2045,127.151000564746,36.8298124174195,정좌표
164,166,천안동일하이빌,서북구,쌍용3동,2100,충남 천안시 서북구 쌍용3동 2100,127.119994681171,36.8098098960916,정좌표
165,167,펜타포트,서북구,불당동,1292,충남 천안시 서북구 불당동 1292,127.101041101218,36.7998223683536,정좌표
166,168,펜타포트,서북구,불당동,1289,충남 천안시 서북구 불당동 1289,127.101364596913,36.7982794949735,정좌표
167,169,두정대림2차e편한세상,서북구,두정동,2055,충남 천안시 서북구 두정동 2055,127.129573078547,36.8378362111104,정좌표
168,170,백석중흥S-클래스,서북구,백석동,1070,충남 천안시 서북구 백석동 1070,127.120771760045,36.836330061172,정좌표
169,171,두정역 코아루 스위트,서북구,두정동,2056외1,충남 천안시 서북구 두정동 2056외1,127.151587194389,36.8275193041594,정좌표
170,172,한화꿈에그린 스마일시티,서북구,차암동,448,충남 천안시 서북구 차암동 448,127.101648032363,36.8415576900835,정좌표
171,173,백석2차 아이파크,서북구,백석동,1178,충남 천안시 서북구 백석동 1178,127.121379886435,36.8252467286209,정좌표
172,174,차암 e편한세상 스마일시티,서북구,차암동,442,충남 천안시 서북구 차암동 442,127.103587466594,36.8437983404,정좌표
173,175,우송팰리스,서북구,성거읍 저리,57-77 외1,충남 천안시 서북구 성거읍 저리 57-77 외1,127.201463305157,36.875754848289,정좌표
174,176,엘에이치천년나무7단지,서북구,불당동,1515,충남 천안시 서북구 불당동 1515,127.105641160701,36.8175205542173,정좌표
175,177,이안,서북구,불당동,1503,충남 천안시 서북구 불당동 1503,127.10290857979,36.8201432055267,정좌표
176,178,쁘띠 노블레스,서북구,성거읍 저리,Feb-65,충남 천안시 서북구 성거읍 저리 23774,127.193445157905,36.8823794443219,인근좌표
177,179,스마일시티 효성 해링턴플레이스,서북구,차암동,550,충남 천안시 서북구 차암동 550,127.106716719389,36.845643863044,정좌표
178,180,백석동펜타폴리스 5차,서북구,백석동,658-69,충남 천안시 서북구 백석동 658-69,127.113085007337,36.8243175064943,정좌표
179,181,지웰푸르지오,서북구,불당동,1498,충남 천안시 서북구 불당동 1498,127.106204397147,36.8214358462522,정좌표
180,182,북천안자이에뜨,서북구,성거읍 송남리,585번지 (59-1번지 일원),충남 천안시 서북구 성거읍 송남리 585번지 (59-1번지 일원),127.198533769478,36.866862523874,정좌표
181,183,미산라이프아파트,서북구,성환읍 성월리,585번지 (59-1번지 일원),충남 천안시 서북구 성환읍 성월리 585번지 (59-1번지 일원),127.134626685305,36.9155621694695,인근좌표
182,184,불당풍림아이원,서북구,불당동,1426,충남 천안시 서북구 불당동 1426,127.109100859084,36.8008738978661,정좌표
183,185,이편한세상 스마일시티2차,서북구,차암동,543,충남 천안시 서북구 차암동 543,127.107927170086,36.8474692303034,정좌표
184,186,불당지웰더샵,서북구,불당동,1548,충남 천안시 서북구 불당동 1548,127.104828518493,36.8148771680493,정좌표
185,187,모닝스위트,서북구,직산읍,모시리 206,충남 천안시 서북구 직산읍 모시리 206,127.126976254957,36.8686066015457,정좌표
186,188,불당 호반베르디움 The First,서북구,불당동,1811,충남 천안시 서북구 불당동 1811,127.103499309402,36.8069043546626,정좌표
187,189,백석더샵,서북구,백석동,1193,충남 천안시 서북구 백석동 1193,127.124905506864,36.8297627394935,정좌표
188,190,건주참조은아파트,서북구,성환읍,매주리 324-1,충남 천안시 서북구 성환읍 매주리 324-1,127.129807378752,36.9118288153817,정좌표
189,191,불당리더힐스,서북구,불당동,1497,충남 천안시 서북구 불당동 1497,127.10342211928,36.8219936231176,정좌표
190,192,불당 호반써밋플레이스,서북구,불당동,1613,충남 천안시 서북구 불당동 1613,127.103999183942,36.812142832436,정좌표
191,193,호반 베르디움 센트로 포레,서북구,불당동,1510,충남 천안시 서북구 불당동 1510,127.102308641136,36.8181677479688,정좌표
192,194,e편한세상 두정3차,서북구,두정동,2063,충남 천안시 서북구 두정동 2063,127.155360195199,36.8319496053341,정좌표
193,195,백석3차아이파크,서북구,백석동,1200,충남 천안시 서북구 백석동 1200,127.125789080528,36.8277109184556,정좌표
194,196,천안 레이크타운 푸르지오,서북구,성성동,696,충남 천안시 서북구 성성동 696,127.132759679789,36.8426612244745,정좌표
195,197,불당 린스트라우스 1단지,서북구,불당동,1545,충남 천안시 서북구 불당동 1545,127.101687187185,36.8162412318565,정좌표
196,198,불당 린스트라우스 2단지,서북구,불당동,1546,충남 천안시 서북구 불당동 1546,127.101314676827,36.8148090256876,정좌표
197,199,불당 호반써밋플레이스 센터시티,서북구,불당동,1846,충남 천안시 서북구 불당동 1846,127.104668568167,36.8033110791896,정좌표
198,200,백석LH천년나무1단지,서북구,백석동,1115,충남 천안시 서북구 백석동 1115,127.118616021435,36.829976004087,정좌표
199,201,입장 아스트레아파트,서북구 ,입장면 하장리,4-1번지,충남 천안시 서북구  입장면 하장리 4-1번지,127.226780469496,36.9138357068312,정좌표
200,202,불당 지웰시티푸르지오1단지,서북구,불당동,1544,충남 천안시 서북구 불당동 1544,127.106536918787,36.8145356156156,정좌표
201,203,불당 지웰시티푸르지오2단지,서북구,불당동,1614,충남 천안시 서북구 불당동 1614,127.105707300299,36.8118097936666,정좌표
202,204,천안 레이크타운2차 푸르지오,서북구,성성동,697,충남 천안시 서북구 성성동 697,127.133531697273,36.8404416153961,정좌표
203,205,e편한세상 천안부성,서북구,신당동,705,충남 천안시 서북구 신당동 705,127.150317874718,36.8549273836007,정좌표
204,206,불당파크푸르지오1단지,서북구,불당동,1492,충남 천안시 서북구 불당동 1492,127.108502197599,36.8209926790705,정좌표
205,207,불당파크푸르지오2단지,서북구,불당동,1494,충남 천안시 서북구 불당동 1494,127.107930694676,36.8191061038074,정좌표
206,208,천안 쌍용역 코오롱 하늘채,서북구,쌍용동,2134,충남 천안시 서북구 쌍용동 2134,127.1197752539,36.7919986021399,정좌표
207,209,성성동 천안시티자이,서북구,성성동,827,충남 천안시 서북구 성성동 827,127.122200571274,36.8424291879377,정좌표
208,210,e편한세상 두정4차,서북구,두정동,401-1,충남 천안시 서북구 두정동 401-1,127.156736469787,36.8371554838396,정좌표
209,211,천안역 우방아이유쉘,서북구,성정동,1562,충남 천안시 서북구 성정동 1562,127.149370695646,36.8177567830099,정좌표
210,212,직산역 한화꿈에그린,서북구,성거읍 신월리,467,충남 천안시 서북구 성거읍 신월리 467,127.148801296238,36.8729526342572,정좌표
211,213,직산 한양수자인2차,서북구,직산읍 삼은리,575,충남 천안시 서북구 직산읍 삼은리 575,127.149387322363,36.8812704964643,정좌표
212,214,직산 한양수자인1차,서북구,직산읍 삼은리,584,충남 천안시 서북구 직산읍 삼은리 584,127.148105767939,36.8821702678222,정좌표
213,215,천안불당엘에이치1단지,서북구,불당동,1463,충남 천안시 서북구 불당동 1463,127.103744017697,36.8236180526214,정좌표
214,216,브리엔츠 아파트,서북구,직산읍 삼은리,76-67,충남 천안시 서북구 직산읍 삼은리 76-67,127.148021321069,36.8789504178234,정좌표
215,217,천안두정 행복주택,서북구,두정동,581,충남 천안시 서북구 두정동 581,127.129003828312,36.8312412629365,정좌표
216,218,쌍용 더팰리스4,서북구,쌍용동,2141,충남 천안시 서북구 쌍용동 2141,127.127275590613,36.8099070093738,정좌표
217,219,두정역 효성해링턴 플레이스 아파트,서북구,두정동,Jun-63,충남 천안시 서북구 두정동 23163,127.153432513825,36.8262545379647,인근좌표
218,220,성성레이크팰리스3차푸르지오,서북구,성성동,969,충남 천안시 서북구 성성동 969,127.127089363969,36.840470095877,정좌표
219,221,두정 범양레우스알파,서북구,두정동,399-1,충남 천안시 서북구 두정동 399-1,127.155493318656,36.8356013644725,정좌표
220,222,직산월드메르디앙 레이크파크,서북구,직산읍 삼은리,591,충남 천안시 서북구 직산읍 삼은리 591,127.148718148177,36.8824688460986,인근좌표
221,223,천안역사 동아라이크텐,서북구,와촌동,186,충남 천안시 서북구 와촌동 186,127.145017128388,36.8055383159669,인근좌표
